{"cameraMode":{"drawMode":0,"name":"Shaded","section":"Shading Mode"},"sceneLighting":false,"audioPlay":false,"sceneViewState":{"showFog":false,"showMaterialUpdate":false,"showSkybox":false,"showFlares":false,"showImageEffects":false,"showParticleSystems":false},"in2DMode":false,"pivot":{"x":-3.0831117630004885,"y":1.8600000143051148,"z":15.134099960327149},"rotation":{"x":-0.2180870622396469,"y":0.14344140887260438,"z":-0.032424718141555789,"w":-0.964785635471344},"size":41.26978302001953,"orthographic":false}