{"cameraMode":{"drawMode":0,"name":"Shaded","section":"Shading Mode"},"sceneLighting":false,"audioPlay":false,"sceneViewState":{"showFog":false,"showMaterialUpdate":false,"showSkybox":false,"showFlares":false,"showImageEffects":false,"showParticleSystems":false},"in2DMode":false,"pivot":{"x":-0.6490545272827148,"y":-0.21067142486572267,"z":0.04050707817077637},"rotation":{"x":-0.1421557068824768,"y":-0.048387277871370319,"z":0.006957208272069693,"w":-0.9886364936828613},"size":1.7335093021392823,"orthographic":false}