{"cameraMode":{"drawMode":0,"name":"Shaded","section":"Shading Mode"},"sceneLighting":false,"audioPlay":false,"sceneViewState":{"showFog":false,"showMaterialUpdate":false,"showSkybox":false,"showFlares":false,"showImageEffects":false,"showParticleSystems":false},"in2DMode":false,"pivot":{"x":-0.20147043466567994,"y":-0.2708601951599121,"z":0.5890165567398071},"rotation":{"x":-0.08957961946725846,"y":0.9019964337348938,"z":-0.22677627205848695,"w":-0.35630103945732119},"size":7.9820685386657719,"orthographic":false}