{"cameraMode":{"drawMode":0,"name":"Shaded","section":"Shading Mode"},"sceneLighting":true,"audioPlay":false,"sceneViewState":{"showFog":false,"showMaterialUpdate":false,"showSkybox":false,"showFlares":false,"showImageEffects":false,"showParticleSystems":false},"in2DMode":false,"pivot":{"x":431.59161376953127,"y":216.76559448242188,"z":0.5791015625},"rotation":{"x":-0.04229826107621193,"y":0.0035920629743486645,"z":-0.0001525190018583089,"w":-0.9990985989570618},"size":573.7747802734375,"orthographic":false}