{"cameraMode":{"drawMode":0,"name":"Shaded","section":"Shading Mode"},"sceneLighting":false,"audioPlay":false,"sceneViewState":{"showFog":false,"showMaterialUpdate":false,"showSkybox":false,"showFlares":false,"showImageEffects":false,"showParticleSystems":false},"in2DMode":false,"pivot":{"x":-0.47999998927116396,"y":3.046674966812134,"z":16.200000762939454},"rotation":{"x":-0.09343786537647248,"y":-0.15998266637325288,"z":0.01521347276866436,"w":-0.9825698733329773},"size":2.591249942779541,"orthographic":false}