{"cameraMode":{"drawMode":0,"name":"Shaded","section":"Shading Mode"},"sceneLighting":false,"audioPlay":false,"sceneViewState":{"showFog":false,"showMaterialUpdate":false,"showSkybox":false,"showFlares":false,"showImageEffects":false,"showParticleSystems":false},"in2DMode":false,"pivot":{"x":-0.005378000438213348,"y":-0.050977498292922977,"z":-0.02806800603866577},"rotation":{"x":-0.1421557068824768,"y":-0.048387277871370319,"z":0.006957208272069693,"w":-0.9886364936828613},"size":1.2934521436691285,"orthographic":false}