{"cameraMode":{"drawMode":0,"name":"Shaded","section":"Shading Mode"},"sceneLighting":false,"audioPlay":false,"sceneViewState":{"showFog":false,"showMaterialUpdate":false,"showSkybox":false,"showFlares":false,"showImageEffects":false,"showParticleSystems":false},"in2DMode":false,"pivot":{"x":2.43622088432312,"y":0.9400737285614014,"z":11.308205604553223},"rotation":{"x":-0.03246603533625603,"y":-0.9674073457717896,"z":0.18535977602005006,"w":-0.16944247484207154},"size":2.2330007553100588,"orthographic":false}