{"cameraMode":{"drawMode":0,"name":"Shaded","section":"Shading Mode"},"sceneLighting":false,"audioPlay":false,"sceneViewState":{"showFog":false,"showMaterialUpdate":false,"showSkybox":false,"showFlares":false,"showImageEffects":false,"showParticleSystems":false},"in2DMode":false,"pivot":{"x":-0.5928399562835693,"y":-0.2906494438648224,"z":0.7743445038795471},"rotation":{"x":-0.3171136975288391,"y":-0.09312376379966736,"z":0.03130624070763588,"w":-0.9432851672172546},"size":0.755045473575592,"orthographic":false}