{"cameraMode":{"drawMode":0,"name":"Shaded","section":"Shading Mode"},"sceneLighting":false,"audioPlay":false,"sceneViewState":{"showFog":false,"showMaterialUpdate":false,"showSkybox":false,"showFlares":false,"showImageEffects":false,"showParticleSystems":false},"in2DMode":false,"pivot":{"x":-51.707305908203128,"y":144.19500732421876,"z":238.48687744140626},"rotation":{"x":-0.18584458529949189,"y":-0.5330533981323242,"z":0.12133575230836868,"w":-0.8164518475532532},"size":22.264781951904298,"orthographic":false}