{"cameraMode":{"drawMode":0,"name":"Shaded","section":"Shading Mode"},"sceneLighting":false,"audioPlay":false,"sceneViewState":{"showFog":false,"showMaterialUpdate":false,"showSkybox":false,"showFlares":false,"showImageEffects":false,"showParticleSystems":false},"in2DMode":false,"pivot":{"x":-0.0009902305901050568,"y":0.000515427440404892,"z":-0.05645018815994263},"rotation":{"x":-0.03246603533625603,"y":-0.9674073457717896,"z":0.18535977602005006,"w":-0.16944247484207154},"size":0.25013142824172976,"orthographic":false}