{"cameraMode":{"drawMode":0,"name":"Shaded","section":"Shading Mode"},"sceneLighting":false,"audioPlay":false,"sceneViewState":{"showFog":false,"showMaterialUpdate":false,"showSkybox":false,"showFlares":false,"showImageEffects":false,"showParticleSystems":false},"in2DMode":false,"pivot":{"x":6.4933648109436039,"y":0.4649333953857422,"z":0.08761787414550781},"rotation":{"x":-0.30858954787254336,"y":-0.023685304448008539,"z":0.007686572149395943,"w":-0.9508693218231201},"size":35.43223571777344,"orthographic":false}