{"cameraMode":{"drawMode":0,"name":"Shaded","section":"Shading Mode"},"sceneLighting":true,"audioPlay":false,"sceneViewState":{"showFog":false,"showMaterialUpdate":false,"showSkybox":false,"showFlares":false,"showImageEffects":false,"showParticleSystems":false},"in2DMode":false,"pivot":{"x":433.371337890625,"y":112.05620574951172,"z":5.268310546875},"rotation":{"x":-0.059628915041685107,"y":-0.14561651647090913,"z":0.008792715147137642,"w":-0.9875034093856812},"size":599.1741333007813,"orthographic":false}