{"cameraMode":{"drawMode":0,"name":"Shaded","section":"Shading Mode"},"sceneLighting":false,"audioPlay":false,"sceneViewState":{"showFog":false,"showMaterialUpdate":false,"showSkybox":false,"showFlares":false,"showImageEffects":false,"showParticleSystems":false},"in2DMode":false,"pivot":{"x":2.8259663581848146,"y":8.515578269958496,"z":21.227964401245118},"rotation":{"x":-0.18948008120059968,"y":-0.1286109983921051,"z":0.025042496621608735,"w":-0.9731029868125916},"size":23.259435653686525,"orthographic":false}